,ID,Country of Origin,COO MCA,Norm COO MCA,Altitude,Grading Date,Variety,Variety MCA,Norm Variety MCA,Processing Method,PM MCA,Norm PM MCA,Aroma,Flavor,Aftertaste,Acidity,Body,Balance,Uniformity,Clean Cup,Sweetness,Overall,Defects,Total Cup Points,Moisture Percentage,Category One Defects,Quakers,Color,Color MCA,Norm Color MCA,Category Two Defects,Expiration
0,0,Colombia,-0.609228788,0.011300189,1700-1930,"September 21st, 2022",Castillo,-0.610517172,0.127698057,Double Anaerobic Washed,-0.610517172,0.127698056,8.58,8.5,8.42,8.58,8.25,8.42,10,10,10,8.58,0,89.33,11.8,0,0,green,-0.087578899,0.244254406,3,"September 21st, 2023"
1,1,Taiwan,0.088575404,0.110403428,1200,"November 15th, 2022",Gesha,-0.055903236,0.166768812,Washed / Wet,-0.086084584,0.164642633,8.5,8.5,7.92,8,7.92,8.25,10,10,10,8.5,0,87.58,10.5,0,0,blue-green,1.676549112,1,0,"November 15th, 2023"
2,2,Laos,1.238043939,0.273652741,1300,"November 15th, 2022",Java,1.170974179,0.253198352,Semi Washed,2.388885532,0.338996261,8.33,8.42,8.08,8.17,7.92,8.17,10,10,10,8.33,0,87.42,10.4,0,0,yellowish,1.209311462,0.799837204,2,"November 15th, 2023"
3,3,Costa Rica,-0.231922843,0.064885767,1900,"September 21st, 2022",Gesha,-0.055903236,0.166768812,Washed / Wet,-0.086084584,0.164642633,8.08,8.17,8.17,8.25,8.17,8.08,10,10,10,8.25,0,87.17,11.8,0,0,green,-0.087578899,0.244254406,0,"September 21st, 2023"
4,4,Colombia,-0.609228788,0.011300189,1850-2100,"March 6th, 2023",Red Bourbon,-0.842380375,0.111364045,"Honey,Mossto",-0.842380375,0.111364044,8.33,8.33,8.08,8.25,7.92,7.92,10,10,10,8.25,0,87.08,11.6,0,2,yellow-green,-0.397042519,0.111681392,2,"March 5th, 2024"
5,5,Guatemala,-0.116351185,0.081299434,1668,"November 15th, 2022",Gesha,-0.055903236,0.166768812,Washed / Wet,-0.086084584,0.164642633,8.33,8.33,8.25,7.83,7.83,8.17,10,10,10,8.25,0,87,10.7,0,0,green,-0.087578899,0.244254406,2,"November 15th, 2023"
6,6,Taiwan,0.088575404,0.110403428,1250,"November 15th, 2022",Gesha,-0.055903236,0.166768812,Washed / Wet,-0.086084584,0.164642633,8.33,8.17,8.08,8,7.83,8.25,10,10,10,8.25,0,86.92,9.1,0,0,green,-0.087578899,0.244254406,0,"November 15th, 2023"
7,7,Taiwan,0.088575404,0.110403428,1200,"November 15th, 2022",Sl34+Gesha,-0.336132544,0.147027565,Natural / Dry,-0.138185131,0.160972318,8.25,8.25,8.17,8,7.92,8.08,10,10,10,8.08,0,86.75,10,0,0,yellow green,-0.365774684,0.125076412,1,"November 15th, 2023"
8,8,Taiwan,0.088575404,0.110403428,1250,"November 15th, 2022",SL34,0.133054108,0.180080245,Washed / Wet,-0.086084584,0.164642633,8.08,8.08,8.25,8.08,7.92,8,10,10,10,8.25,0,86.67,10.8,0,0,greenish,-0.401085207,0.109949521,0,"November 15th, 2023"
9,9,"Tanzania, United Republic Of",-0.38372521,0.043326558,1400-1700,"February 1st, 2023",Bourbon,-0.116081184,0.16252947,Washed / Wet,-0.086084584,0.164642633,8.08,8.17,8.08,8.17,8,8,10,10,10,8,0,86.5,11,0,0,greenish,-0.401085207,0.109949521,0,"February 1st, 2024"
10,10,Ethiopia,-0.619481386,0.009844099,1800-2200,"May 31st, 2022",Ethiopian Heirlooms,-0.623248379,0.126801184,Natural / Dry,-0.138185131,0.160972318,8.08,8.25,8,8.08,7.92,7.92,10,10,10,8,0,86.25,11.8,0,1,greenish,-0.401085207,0.109949521,1,"May 31st, 2023"
11,11,Guatemala,-0.116351185,0.081299434,2000,"November 15th, 2022",Gesha,-0.055903236,0.166768812,Natural / Dry,-0.138185131,0.160972318,8.08,8,8,7.75,8.25,8.17,10,10,10,8,0,86.25,11.5,0,0,brownish,-0.284013478,0.160102595,1,"November 15th, 2023"
12,12,Taiwan,0.088575404,0.110403428,1250,"November 15th, 2022",Gesha,-0.055903236,0.166768812,Washed / Wet,-0.086084584,0.164642633,8.08,8,8.08,8.08,8,8,10,10,10,8,0,86.25,11.9,0,0,green,-0.087578899,0.244254406,0,"November 15th, 2023"
13,13,Ethiopia,-0.619481386,0.009844099,1900-2000,"August 26th, 2022",Gesha,-0.055903236,0.166768812,Natural / Dry,-0.138185131,0.160972318,7.67,8.17,8,8.33,8,8,10,10,10,8,0,86.17,11.6,0,3,yellow- green,-0.657739074,1.73E-10,2,"August 26th, 2023"
14,14,Colombia,-0.609228788,0.011300189,1850,"November 15th, 2022",Caturra,-0.303127998,0.149352628,Washed / Wet,-0.086084584,0.164642633,8.08,8,8.08,7.92,8.08,8,10,10,10,8,0,86.17,10.6,0,0,green,-0.087578899,0.244254406,0,"November 15th, 2023"
15,15,Taiwan,0.088575404,0.110403428,1100,"November 15th, 2022",SL34,0.133054108,0.180080245,Pulped natural / honey,0.254806228,0.188657286,8.17,8.08,8,7.92,8,7.92,10,10,10,8,0,86.08,10.2,0,0,green,-0.087578899,0.244254406,0,"November 15th, 2023"
16,16,Ethiopia,-0.619481386,0.009844099,1900-2100,"April 7th, 2023","Wolishalo,Kurume,Dega",-0.547320757,0.132150039,Washed / Wet,-0.086084584,0.164642633,8.17,8.08,7.92,8.17,7.75,7.92,10,10,10,8.08,0,86.08,11.3,0,2,green,-0.087578899,0.244254406,2,"April 6th, 2024"
17,17,Taiwan,0.088575404,0.110403428,1300,"October 24th, 2022",Gesha,-0.055903236,0.166768812,Natural / Dry,-0.138185131,0.160972318,8,8.17,8,7.92,7.92,7.92,10,10,10,8.17,0,86.08,10.3,0,0,yellow-green,-0.397042519,0.111681392,0,"October 24th, 2023"
18,18,Taiwan,0.088575404,0.110403428,1200,"October 24th, 2022",Gesha,-0.055903236,0.166768812,Natural / Dry,-0.138185131,0.160972318,8.08,8.17,7.75,7.92,7.83,8,10,10,10,8.17,0,85.92,11,0,0,brownish,-0.284013478,0.160102595,1,"October 24th, 2023"
19,19,"Tanzania, United Republic Of",-0.38372521,0.043326558,1570-1600,"February 1st, 2023",Bourbon,-0.116081184,0.16252947,Washed / Wet,-0.086084584,0.164642633,8.17,8,7.92,7.92,8.17,7.75,10,10,10,7.92,0,85.83,10,0,0,greenish,-0.401085207,0.109949521,0,"February 1st, 2024"
20,20,Guatemala,-0.116351185,0.081299434,1900,"November 15th, 2022",Gesha,-0.055903236,0.166768812,Natural / Dry,-0.138185131,0.160972318,8,7.92,8.08,7.92,7.75,8,10,10,10,8.08,0,85.75,11.6,0,0,yellowish,1.209311462,0.799837204,0,"November 15th, 2023"
21,21,Taiwan,0.088575404,0.110403428,850,"December 12th, 2022",Typica,-0.055630776,0.166788006,Natural / Dry,-0.138185131,0.160972318,8.08,8,7.92,7.92,8,7.83,10,10,10,7.92,0,85.67,10.4,0,0,green,-0.087578899,0.244254406,0,"December 12th, 2023"
22,22,Thailand,0.381786564,0.152045734,1500-1700,"August 16th, 2022",Catimor,0.895600323,0.233799156,Pulped natural / honey,0.254806228,0.188657286,7.67,8,7.83,8,8.08,8,10,10,10,8.08,0,85.67,9.8,0,0,browish-green,0.844456043,0.643534558,5,"August 16th, 2023"
23,23,Colombia,-0.609228788,0.011300189,1350,"April 7th, 2023",Castillo Paraguaycito,-0.437582778,0.139880724,,#N/A,#N/A,8.08,8,7.83,8.17,7.75,7.83,10,10,10,8,0,85.67,11.3,0,0,brownish,-0.284013478,0.160102595,2,"April 6th, 2024"
24,24,Taiwan,0.088575404,0.110403428,1250,"November 15th, 2022",SL34,0.133054108,0.180080245,Washed / Wet,-0.086084584,0.164642633,7.83,8,7.92,8,8,7.92,10,10,10,7.92,0,85.58,10.6,0,0,bluish-green,0.479854331,0.4873406,0,"November 15th, 2023"
25,25,Brazil,-0.463411937,0.032009325,1250,"January 6th, 2023",,#N/A,#N/A,Pulped natural / honey,0.254806228,0.188657286,7.83,8.08,7.83,7.92,8,7.83,10,10,10,8,0,85.5,11.3,2,0,green,-0.087578899,0.244254406,3,"January 6th, 2024"
26,26,Taiwan,0.088575404,0.110403428,1300,"November 15th, 2022",Gesha,-0.055903236,0.166768812,Natural / Dry,-0.138185131,0.160972318,7.92,7.92,8,7.92,7.83,7.92,10,10,10,8,0,85.5,9.1,0,0,green,-0.087578899,0.244254406,2,"November 15th, 2023"
27,27,Taiwan,0.088575404,0.110403428,1200,"November 15th, 2022",Gesha,-0.055903236,0.166768812,Natural / Dry,-0.138185131,0.160972318,8.17,8.08,7.92,8,7.58,7.83,10,10,10,7.92,0,85.5,10.6,0,0,green,-0.087578899,0.244254406,0,"November 15th, 2023"
28,28,Taiwan,0.088575404,0.110403428,1060,"November 15th, 2022",Gesha,-0.055903236,0.166768812,Natural / Dry,-0.138185131,0.160972318,8,8,8,7.92,7.75,7.92,10,10,10,7.92,0,85.5,10.2,0,0,blue-green,1.676549112,1,0,"November 15th, 2023"
29,29,United States (Hawaii),-0.110030412,0.08219712,600,"November 15th, 2022",Typica,-0.055630776,0.166788006,Washed / Wet,-0.086084584,0.164642633,8,7.92,8,7.83,7.67,8,10,10,10,8,0,85.42,9.3,0,0,green,-0.087578899,0.244254406,0,"November 15th, 2023"
30,30,Taiwan,0.088575404,0.110403428,150-250,"December 12th, 2022",Typica,-0.055630776,0.166788006,Washed / Wet,-0.086084584,0.164642633,8,8,7.83,7.83,7.75,7.92,10,10,10,8.08,0,85.42,11.4,0,0,bluish-green,0.479854331,0.4873406,0,"December 12th, 2023"
31,31,Taiwan,0.088575404,0.110403428,150-250,"December 12th, 2022",Typica,-0.055630776,0.166788006,Washed / Wet,-0.086084584,0.164642633,7.92,8,7.83,7.92,7.83,7.83,10,10,10,8,0,85.33,10.8,0,0,green,-0.087578899,0.244254406,0,"December 12th, 2023"
32,32,Taiwan,0.088575404,0.110403428,668,"June 8th, 2022",Gesha,-0.055903236,0.166768812,Washed / Wet,-0.086084584,0.164642633,8.08,8.17,7.67,7.83,7.67,7.92,10,10,10,8,0,85.33,11.3,0,0,green,-0.087578899,0.244254406,0,"June 8th, 2023"
33,33,Ethiopia,-0.619481386,0.009844099,1950,"June 6th, 2022",Ethiopian Heirlooms,-0.623248379,0.126801184,Washed / Wet,-0.086084584,0.164642633,7.67,7.83,7.83,8,8,8,10,10,10,8,0,85.33,9.9,0,2,green,-0.087578899,0.244254406,3,"June 6th, 2023"
34,34,Ethiopia,-0.619481386,0.009844099,2150 - 2350,"September 30th, 2022",Ethiopian Heirlooms,-0.623248379,0.126801184,Natural / Dry,-0.138185131,0.160972318,8,8.08,8,8,7.67,7.75,10,10,10,7.83,0,85.33,12.3,0,3,yellow green,-0.365774684,0.125076412,4,"September 30th, 2023"
35,35,Ethiopia,-0.619481386,0.009844099,1700,"December 12th, 2022",Ethiopian Heirlooms,-0.623248379,0.126801184,Washed / Wet,-0.086084584,0.164642633,7.92,7.75,7.83,8.17,8,7.75,10,10,10,7.83,0,85.25,9.4,0,1,greenish,-0.401085207,0.109949521,1,"December 12th, 2023"
36,36,Taiwan,0.088575404,0.110403428,1200,"November 15th, 2022",Gesha,-0.055903236,0.166768812,Washed / Wet,-0.086084584,0.164642633,8,7.92,7.83,7.92,7.83,7.83,10,10,10,7.92,0,85.25,9.5,0,0,bluish-green,0.479854331,0.4873406,0,"November 15th, 2023"
37,37,Taiwan,0.088575404,0.110403428,650,"June 8th, 2022",Gesha,-0.055903236,0.166768812,Pulped natural / honey,0.254806228,0.188657286,8.25,8.08,7.83,7.75,7.67,7.75,10,10,10,7.92,0,85.25,11.3,0,0,green,-0.087578899,0.244254406,0,"June 8th, 2023"
38,38,Kenya,0.032075834,0.102379271,1600-1900,"February 28th, 2023",SL28,-0.145428702,0.160462033,Washed / Wet,-0.086084584,0.164642633,8.17,7.75,7.83,7.58,7.92,8,10,10,10,8,0,85.25,9.2,0,0,greenish,-0.401085207,0.109949521,1,"February 28th, 2024"
39,39,Taiwan,0.088575404,0.110403428,850,"October 24th, 2022",Gesha,-0.055903236,0.166768812,Washed / Wet,-0.086084584,0.164642633,7.75,7.92,7.75,8,7.83,7.92,10,10,10,8,0,85.17,10.3,0,0,bluish-green,0.479854331,0.4873406,0,"October 24th, 2023"
40,40,Taiwan,0.088575404,0.110403428,300-500,"December 12th, 2022",Typica,-0.055630776,0.166788006,Natural / Dry,-0.138185131,0.160972318,8,7.92,7.83,7.92,7.75,7.75,10,10,10,7.92,0,85.08,10,0,0,brownish,-0.284013478,0.160102595,0,"December 12th, 2023"
41,41,Taiwan,0.088575404,0.110403428,1000,"December 30th, 2022",Typica,-0.055630776,0.166788006,Washed / Wet,-0.086084584,0.164642633,8,8.08,7.67,7.75,7.92,7.83,10,10,10,7.83,0,85.08,10.5,0,0,greenish,-0.401085207,0.109949521,0,"December 30th, 2023"
42,42,Taiwan,0.088575404,0.110403428,800,"January 6th, 2023",Gesha,-0.055903236,0.166768812,Washed / Wet,-0.086084584,0.164642633,8,7.92,7.67,8,7.75,7.83,10,10,10,7.92,0,85.08,10,0,0,pale yellow,-0.380830108,0.118626726,5,"January 6th, 2024"
43,43,Uganda,0.692797801,0.196216034,1905,"June 29th, 2022",SL14,0.692797801,0.219512375,Washed / Wet,-0.086084584,0.164642633,8,7.92,7.75,7.75,7.75,7.92,10,10,10,7.92,0,85,11,0,0,green,-0.087578899,0.244254406,1,"June 29th, 2023"
44,44,Taiwan,0.088575404,0.110403428,150,"December 12th, 2022",Typica,-0.055630776,0.166788006,,#N/A,#N/A,7.92,8,7.92,8,7.58,7.75,10,10,10,7.83,0,85,10.9,0,0,green,-0.087578899,0.244254406,0,"December 12th, 2023"
45,45,Taiwan,0.088575404,0.110403428,800,"November 15th, 2022",Gesha,-0.055903236,0.166768812,Natural / Dry,-0.138185131,0.160972318,8.17,8.08,7.83,7.67,7.67,7.75,10,10,10,7.83,0,85,10.1,0,0,yellow green,-0.365774684,0.125076412,0,"November 15th, 2023"
46,46,Guatemala,-0.116351185,0.081299434,1600,"April 17th, 2023",Caturra,-0.303127998,0.149352628,Washed / Wet,-0.086084584,0.164642633,7.67,8.08,7.67,8,7.92,7.83,10,10,10,7.83,0,85,9.9,0,1,green,-0.087578899,0.244254406,1,"April 16th, 2024"
47,47,Guatemala,-0.116351185,0.081299434,4700,"February 23rd, 2023",Catuai,-0.078764482,0.165158311,Washed / Wet,-0.086084584,0.164642633,7.67,8,7.75,7.92,8,7.83,10,10,10,7.83,0,85,11.3,0,0,green,-0.087578899,0.244254406,4,"February 23rd, 2024"
48,48,Guatemala,-0.116351185,0.081299434,1600,"June 22nd, 2022",Caturra,-0.303127998,0.149352628,Washed / Wet,-0.086084584,0.164642633,7.83,7.92,7.75,8,7.75,7.75,10,10,10,7.92,0,84.92,11.7,0,3,green,-0.087578899,0.244254406,1,"June 22nd, 2023"
49,49,Taiwan,0.088575404,0.110403428,350-400,"January 6th, 2023",Typica,-0.055630776,0.166788006,Washed / Wet,-0.086084584,0.164642633,7.92,7.92,7.83,7.83,7.75,7.83,10,10,10,7.83,0,84.92,9.5,0,0,green,-0.087578899,0.244254406,2,"January 6th, 2024"
50,50,Taiwan,0.088575404,0.110403428,230,"January 6th, 2023",Yellow Bourbon,0.364010073,0.196350344,Natural / Dry,-0.138185131,0.160972318,8,8,7.75,7.75,7.67,7.75,10,10,10,7.92,0,84.83,9.7,0,0,brownish,-0.284013478,0.160102595,0,"January 6th, 2024"
51,51,Indonesia,6.352389013,1,1200,"September 23rd, 2022",Catimor,0.895600323,0.233799156,,#N/A,#N/A,7.83,7.92,7.75,7.83,7.83,7.83,10,10,10,7.83,0,84.83,11.9,0,3,bluish-green,0.479854331,0.4873406,2,"September 23rd, 2023"
52,52,Peru,-0.640025321,0.006926417,1750,"November 15th, 2022",Gesha,-0.055903236,0.166768812,Washed / Wet,-0.086084584,0.164642633,8,8,7.83,7.83,7.58,7.83,10,10,10,7.75,0,84.83,10.7,0,0,greenish,-0.401085207,0.109949521,0,"November 15th, 2023"
53,53,"Tanzania, United Republic Of",-0.38372521,0.043326558,1654,"November 9th, 2022",Bourbon,-0.116081184,0.16252947,Washed / Wet,-0.086084584,0.164642633,7.92,7.75,7.75,7.92,7.83,7.83,10,10,10,7.83,0,84.83,11.2,0,0,greenish,-0.401085207,0.109949521,0,"November 9th, 2023"
54,54,Taiwan,0.088575404,0.110403428,1300,"November 15th, 2022",SL34,0.133054108,0.180080245,Natural / Dry,-0.138185131,0.160972318,7.83,7.83,7.67,7.67,7.83,8,10,10,10,8,0,84.83,9.5,0,0,greenish,-0.401085207,0.109949521,0,"November 15th, 2023"
55,55,Taiwan,0.088575404,0.110403428,1400,"November 15th, 2022",SL34,0.133054108,0.180080245,Washed / Wet,-0.086084584,0.164642633,7.67,7.92,7.92,7.83,7.75,7.83,10,10,10,7.83,0,84.75,10.4,0,0,green,-0.087578899,0.244254406,0,"November 15th, 2023"
56,56,Brazil,-0.463411937,0.032009325,1100,"February 13th, 2023",Yellow Bourbon,0.364010073,0.196350344,Double Carbonic Maceration / Natural,0.090482754,0.17708123,7.83,7.92,7.75,7.92,7.67,7.83,10,10,10,7.83,0,84.75,11.2,0,1,green,-0.087578899,0.244254406,5,"February 13th, 2024"
57,57,Panama,-0.198170259,0.069679362,1200,"April 26th, 2023",Catuai,-0.078764482,0.165158311,Washed / Wet,-0.086084584,0.164642633,7.83,7.83,7.75,7.92,7.83,7.75,10,10,10,7.83,0,84.75,10.3,0,1,bluish-green,0.479854331,0.4873406,5,"April 25th, 2024"
58,58,Taiwan,0.088575404,0.110403428,1200,"December 30th, 2022",Yellow Bourbon,0.364010073,0.196350344,Pulped natural / honey,0.254806228,0.188657286,7.92,8.08,7.67,7.92,7.67,7.75,10,10,10,7.75,0,84.75,10,0,0,blue-green,1.676549112,1,0,"December 30th, 2023"
59,59,Guatemala,-0.116351185,0.081299434,1600,"April 28th, 2023",Caturra,-0.303127998,0.149352628,Washed / Wet,-0.086084584,0.164642633,7.67,8,7.67,7.83,7.92,7.67,10,10,10,7.92,0,84.67,10.6,0,0,green,-0.087578899,0.244254406,1,"April 27th, 2024"
60,60,Guatemala,-0.116351185,0.081299434,4895,"May 19th, 2022",Bourbon,-0.116081184,0.16252947,Natural / Dry,-0.138185131,0.160972318,7.83,8,7.67,7.83,7.75,7.75,10,10,10,7.83,0,84.67,10.9,0,3,yellow-green,-0.397042519,0.111681392,2,"May 19th, 2023"
61,61,Costa Rica,-0.231922843,0.064885767,1850,"April 19th, 2023",Caturra,-0.303127998,0.149352628,Washed / Wet,-0.086084584,0.164642633,7.58,7.83,7.5,7.67,7.83,7.67,10,10,10,8.58,0,84.67,10,0,1,green,-0.087578899,0.244254406,2,"April 18th, 2024"
62,62,Taiwan,0.088575404,0.110403428,200-300,"January 6th, 2023",Typica,-0.055630776,0.166788006,Pulped natural / honey,0.254806228,0.188657286,7.83,7.83,7.75,7.75,7.75,7.75,10,10,10,7.92,0,84.58,9.6,0,0,greenish,-0.401085207,0.109949521,0,"January 6th, 2024"
63,63,Taiwan,0.088575404,0.110403428,700,"June 8th, 2022",Gesha,-0.055903236,0.166768812,Pulped natural / honey,0.254806228,0.188657286,8.17,7.83,7.67,7.83,7.67,7.67,10,10,10,7.75,0,84.58,11.5,0,0,green,-0.087578899,0.244254406,0,"June 8th, 2023"
64,64,Nicaragua,-0.346576325,0.048602501,1350,"June 9th, 2022",Catrenic,-0.543000007,0.132454422,Natural / Dry,-0.138185131,0.160972318,7.92,7.75,7.67,7.67,7.83,7.75,10,10,10,8,0,84.58,9.9,1,0,green,-0.087578899,0.244254406,2,"June 9th, 2023"
65,65,Taiwan,0.088575404,0.110403428,1250,"November 15th, 2022",Gesha,-0.055903236,0.166768812,Washed / Wet,-0.086084584,0.164642633,8.08,7.83,7.67,7.67,7.67,7.75,10,10,10,7.92,0,84.58,11.2,0,0,green,-0.087578899,0.244254406,2,"November 15th, 2023"
66,66,Taiwan,0.088575404,0.110403428,1450,"November 15th, 2022",SL34,0.133054108,0.180080245,Natural / Dry,-0.138185131,0.160972318,7.83,8,7.67,7.75,7.67,7.75,10,10,10,7.92,0,84.58,10.3,0,0,green,-0.087578899,0.244254406,0,"November 15th, 2023"
67,67,Vietnam,0.533654173,0.173614208,650,"November 15th, 2022",Catimor,0.895600323,0.233799156,Natural / Dry,-0.138185131,0.160972318,8,7.83,7.75,7.67,7.58,7.83,10,10,10,7.92,0,84.58,11.6,0,0,brownish,-0.284013478,0.160102595,0,"November 15th, 2023"
68,68,Costa Rica,-0.231922843,0.064885767,1900,"October 4th, 2022",Gesha,-0.055903236,0.166768812,Washed / Wet,-0.086084584,0.164642633,7.75,7.83,7.67,7.83,7.75,7.75,10,10,10,7.92,0,84.5,11.7,0,1,green,-0.087578899,0.244254406,0,"October 4th, 2023"
69,69,Taiwan,0.088575404,0.110403428,520,"January 6th, 2023",unknown,0.164925101,0.182325453,Pulped natural / honey,0.254806228,0.188657286,7.75,7.92,7.83,7.75,7.75,7.75,10,10,10,7.75,0,84.5,11.3,0,0,bluish-green,0.479854331,0.4873406,0,"January 6th, 2024"
70,70,Honduras,-0.062636942,0.088928015,1368,"April 25th, 2023",Catuai,-0.078764482,0.165158311,Washed / Wet,-0.086084584,0.164642633,7.83,7.92,7.75,7.75,7.75,7.75,10,10,10,7.75,0,84.5,9.8,0,0,green,-0.087578899,0.244254406,3,"April 24th, 2024"
71,71,Ethiopia,-0.619481386,0.009844099,1943,"August 23rd, 2022",Ethiopian Heirlooms,-0.623248379,0.126801184,Washed / Wet,-0.086084584,0.164642633,7.92,7.83,7.75,7.92,7.58,7.67,10,10,10,7.83,0,84.5,10.9,0,0,green,-0.087578899,0.244254406,9,"August 23rd, 2023"
72,72,Taiwan,0.088575404,0.110403428,400,"December 12th, 2022",Typica,-0.055630776,0.166788006,Natural / Dry,-0.138185131,0.160972318,8.08,7.92,7.75,7.83,7.5,7.58,10,10,10,7.83,0,84.5,10.2,0,0,green,-0.087578899,0.244254406,0,"December 12th, 2023"
73,73,Taiwan,0.088575404,0.110403428,850,"November 15th, 2022",Gesha,-0.055903236,0.166768812,Washed / Wet,-0.086084584,0.164642633,7.83,8,7.5,7.75,7.75,7.75,10,10,10,7.83,0,84.42,10.1,0,0,bluish-green,0.479854331,0.4873406,1,"November 15th, 2023"
74,74,Guatemala,-0.116351185,0.081299434,1300-1400,"April 26th, 2023",Bourbon,-0.116081184,0.16252947,Washed / Wet,-0.086084584,0.164642633,7.67,7.83,7.75,7.75,7.83,7.75,10,10,10,7.75,0,84.33,9.2,0,1,green,-0.087578899,0.244254406,5,"April 25th, 2024"
75,75,United States (Hawaii),-0.110030412,0.08219712,1300,"November 9th, 2022",Catuai,-0.078764482,0.165158311,Washed / Wet,-0.086084584,0.164642633,7.92,7.83,7.75,7.92,7.5,7.67,10,10,10,7.75,0,84.33,10.1,3,0,yellow-green,-0.397042519,0.111681392,7,"November 9th, 2023"
76,76,Ethiopia,-0.619481386,0.009844099,2361,"September 19th, 2022",Ethiopian Heirlooms,-0.623248379,0.126801184,Natural / Dry,-0.138185131,0.160972318,7.83,7.75,7.58,7.92,8,7.5,10,10,10,7.75,0,84.33,11,0,5,yellow green,-0.365774684,0.125076412,4,"September 19th, 2023"
77,77,El Salvador,0.11491458,0.114144158,1500,"November 15th, 2022",Pacamara,-0.207960839,0.156056846,Pulped natural / honey,0.254806228,0.188657286,7.83,7.83,7.83,7.83,7.67,7.67,10,10,10,7.67,0,84.33,10.3,0,0,brownish,-0.284013478,0.160102595,4,"November 15th, 2023"
78,78,Colombia,-0.609228788,0.011300189,2100,"May 11th, 2022",Castillo and Colombia blend,-0.213039718,0.155699056,Washed / Wet,-0.086084584,0.164642633,7.75,7.75,7.75,7.75,7.83,7.67,10,10,10,7.83,0,84.33,11.6,0,0,green,-0.087578899,0.244254406,1,"May 11th, 2023"
79,79,Indonesia,6.352389013,1,1250-1350,"September 21st, 2022","Jember,TIM-TIM,Ateng",11.77191082,1.000000001,Wet Hulling,11.77191082,1,7.67,7.67,7.83,7.83,7.67,7.75,10,10,10,7.83,0,84.25,11.5,0,1,blue-green,1.676549112,1,1,"September 21st, 2023"
80,80,Guatemala,-0.116351185,0.081299434,1600,"April 17th, 2023",Typica,-0.055630776,0.166788006,Washed / Wet,-0.086084584,0.164642633,7.58,7.92,7.67,7.75,7.83,7.75,10,10,10,7.75,0,84.25,10,0,0,green,-0.087578899,0.244254406,1,"April 16th, 2024"
81,81,Madagascar,0.923405857,0.22896735,1500,"December 12th, 2022",Bourbon,-0.116081184,0.16252947,Washed / Wet,-0.086084584,0.164642633,7.92,7.92,7.58,7.75,7.58,7.67,10,10,10,7.83,0,84.25,12.1,0,0,blue-green,1.676549112,1,0,"December 12th, 2023"
82,82,Honduras,-0.062636942,0.088928015,1368,"April 25th, 2023",Catuai,-0.078764482,0.165158311,Washed / Wet,-0.086084584,0.164642633,7.75,7.75,7.58,7.83,7.75,7.75,10,10,10,7.75,0,84.17,10.2,0,0,green,-0.087578899,0.244254406,2,"April 24th, 2024"
83,83,Guatemala,-0.116351185,0.081299434,1600,"May 19th, 2022",Caturra,-0.303127998,0.149352628,Washed / Wet,-0.086084584,0.164642633,7.58,7.92,7.58,7.83,7.75,7.67,10,10,10,7.75,0,84.08,11,0,3,green,-0.087578899,0.244254406,2,"May 19th, 2023"
84,84,Taiwan,0.088575404,0.110403428,150,"January 6th, 2023",unknown,0.164925101,0.182325453,Pulped natural / honey,0.254806228,0.188657286,7.83,7.92,7.83,7.58,7.58,7.67,10,10,10,7.67,0,84.08,10.8,0,0,greenish,-0.401085207,0.109949521,2,"January 6th, 2024"
85,85,Taiwan,0.088575404,0.110403428,800,"November 15th, 2022",Gesha,-0.055903236,0.166768812,Natural / Dry,-0.138185131,0.160972318,7.92,7.75,7.67,7.75,7.75,8,9.33,10,10,7.92,0,84.08,10.6,0,0,yello-green,-0.111455722,0.234025668,0,"November 15th, 2023"
86,86,Guatemala,-0.116351185,0.081299434,1500-1600,"March 22nd, 2023",Caturra,-0.303127998,0.149352628,Washed / Wet,-0.086084584,0.164642633,7.67,7.83,7.67,7.83,7.75,7.67,10,10,10,7.67,0,84.08,11,0,1,green,-0.087578899,0.244254406,2,"March 21st, 2024"
87,87,Guatemala,-0.116351185,0.081299434,1500-1600,"March 22nd, 2023",Caturra,-0.303127998,0.149352628,Washed / Wet,-0.086084584,0.164642633,7.67,7.92,7.67,7.75,7.67,7.58,10,10,10,7.75,0,84,11,0,2,green,-0.087578899,0.244254406,2,"March 21st, 2024"
88,88,Honduras,-0.062636942,0.088928015,1800,"November 15th, 2022",Typica,-0.055630776,0.166788006,Pulped natural / honey,0.254806228,0.188657286,7.75,7.75,7.75,7.67,7.75,7.67,10,10,10,7.67,0,84,9.4,0,0,green,-0.087578899,0.244254406,0,"November 15th, 2023"
89,89,"Tanzania, United Republic Of",-0.38372521,0.043326558,1600-1750,"January 3rd, 2023",Bourbon,-0.116081184,0.16252947,Washed / Wet,-0.086084584,0.164642633,7.58,7.67,7.75,7.75,7.75,7.75,10,10,10,7.75,0,84,9.8,0,0,greenish,-0.401085207,0.109949521,3,"January 3rd, 2024"
90,90,Ethiopia,-0.619481386,0.009844099,1800,"November 18th, 2022",Ethiopian Heirlooms,-0.623248379,0.126801184,Washed / Wet,-0.086084584,0.164642633,8,7.75,7.5,7.67,7.67,7.67,10,10,10,7.75,0,84,11.3,1,1,green,-0.087578899,0.244254406,1,"November 18th, 2023"
91,91,"Tanzania, United Republic Of",-0.38372521,0.043326558,1400-1700,"November 21st, 2022",Bourbon,-0.116081184,0.16252947,Washed / Wet,-0.086084584,0.164642633,7.75,7.58,7.58,7.92,7.67,7.75,10,10,10,7.75,0,84,11.6,0,0,greenish,-0.401085207,0.109949521,2,"November 21st, 2023"
92,92,Colombia,-0.609228788,0.011300189,1400-1700,"July 27th, 2022",Caturra,-0.303127998,0.149352628,Washed / Wet,-0.086084584,0.164642633,7.67,7.83,7.58,7.92,7.67,7.67,10,10,10,7.67,0,84,13.3,0,2,green,-0.087578899,0.244254406,3,"July 27th, 2023"
93,93,Costa Rica,-0.231922843,0.064885767,1850,"April 19th, 2023",Caturra,-0.303127998,0.149352628,Washed / Wet,-0.086084584,0.164642633,7.67,7.92,7.58,7.75,7.67,7.58,10,10,10,7.75,0,83.92,9.5,0,0,green,-0.087578899,0.244254406,2,"April 18th, 2024"
94,94,Guatemala,-0.116351185,0.081299434,1900,"November 15th, 2022",Gesha,-0.055903236,0.166768812,Natural / Dry,-0.138185131,0.160972318,7.83,7.83,7.58,7.67,7.67,7.58,10,10,10,7.75,0,83.92,11.9,0,0,greenish,-0.401085207,0.109949521,0,"November 15th, 2023"
95,95,Guatemala,-0.116351185,0.081299434,1600,"April 17th, 2023",Bourbon,-0.116081184,0.16252947,Washed / Wet,-0.086084584,0.164642633,7.58,7.83,7.58,7.75,7.67,7.75,10,10,10,7.75,0,83.92,10,0,1,green,-0.087578899,0.244254406,2,"April 16th, 2024"
96,96,Thailand,0.381786564,0.152045734,1300-1400,"September 21st, 2022",Catimor,0.895600323,0.233799156,Natural / Dry,-0.138185131,0.160972318,7.75,7.67,7.58,7.75,7.75,7.67,10,10,10,7.75,0,83.92,11.6,0,0,yellowish,1.209311462,0.799837204,3,"September 21st, 2023"
97,97,Colombia,-0.609228788,0.011300189,1411,"April 17th, 2023",,#N/A,#N/A,Washed / Wet,-0.086084584,0.164642633,7.67,7.75,7.67,7.75,7.67,7.67,10,10,10,7.67,0,83.83,11.9,0,1,green,-0.087578899,0.244254406,1,"April 16th, 2024"
98,98,Guatemala,-0.116351185,0.081299434,1400,"May 13th, 2022","BOURBON, CATURRA Y CATIMOR",0.027844974,0.172668602,Natural / Dry,-0.138185131,0.160972318,7.58,7.83,7.67,7.67,7.67,7.67,10,10,10,7.75,0,83.83,10.8,0,0,green,-0.087578899,0.244254406,4,"May 13th, 2023"
99,99,Guatemala,-0.116351185,0.081299434,4895 A 5650,"May 19th, 2022",Bourbon,-0.116081184,0.16252947,Washed / Wet,-0.086084584,0.164642633,7.58,7.92,7.5,7.67,7.75,7.67,10,10,10,7.75,0,83.83,10.9,0,1,greenish,-0.401085207,0.109949521,4,"May 19th, 2023"
100,100,Ethiopia,-0.619481386,0.009844099,2000,"September 9th, 2022",Ethiopian Heirlooms,-0.623248379,0.126801184,Washed / Wet,-0.086084584,0.164642633,7.83,7.67,7.5,7.92,7.5,7.67,10,10,10,7.75,0,83.83,12,0,0,green,-0.087578899,0.244254406,12,"September 9th, 2023"
101,101,Colombia,-0.609228788,0.011300189,1700,"February 22nd, 2023",Caturra,-0.303127998,0.149352628,Washed / Wet,-0.086084584,0.164642633,7.92,7.75,7.42,7.58,7.92,7.67,10,10,10,7.58,0,83.83,12.1,2,5,green,-0.087578899,0.244254406,5,"February 22nd, 2024"
102,102,United States (Hawaii),-0.110030412,0.08219712,400-600,"November 15th, 2022",Typica,-0.055630776,0.166788006,Washed / Wet,-0.086084584,0.164642633,7.67,7.92,7.58,7.58,7.58,7.75,10,10,10,7.75,0,83.83,11.8,0,3,green,-0.087578899,0.244254406,3,"November 15th, 2023"
103,103,Colombia,-0.609228788,0.011300189,1800,"November 15th, 2022",Bourbon Sidra,-0.762211895,0.117011655,Pulped natural / honey,0.254806228,0.188657286,7.67,7.92,7.67,7.58,7.67,7.67,10,10,10,7.58,0,83.75,10.6,0,0,greenish,-0.401085207,0.109949521,1,"November 15th, 2023"
104,104,Mexico,-0.129282997,0.079462838,1200,"April 5th, 2023",Sarchimor,-0.081795848,0.164944761,Washed / Wet,-0.086084584,0.164642633,7.67,7.67,7.58,7.67,7.83,7.58,10,10,10,7.75,0,83.75,11.7,4,0,green,-0.087578899,0.244254406,12,"April 4th, 2024"
105,105,Colombia,-0.609228788,0.011300189,,"September 26th, 2022",,#N/A,#N/A,,#N/A,#N/A,7.83,7.75,7.5,7.58,7.67,7.67,10,10,10,7.67,0,83.67,12.4,1,0,greenish,-0.401085207,0.109949521,9,"September 26th, 2023"
106,106,Taiwan,0.088575404,0.110403428,1250,"October 24th, 2022",SL34,0.133054108,0.180080245,Washed / Wet,-0.086084584,0.164642633,7.67,7.67,7.75,7.75,7.5,7.67,10,10,10,7.67,0,83.67,10,0,0,bluish-green,0.479854331,0.4873406,0,"October 24th, 2023"
107,107,Myanmar,-0.688795501,2.60E-11,1400,"November 15th, 2022","Catimor,Catuai,Caturra,Bourbon",-0.688795501,0.122183602,Natural / Dry,-0.138185131,0.160972318,7.83,7.83,7.67,7.58,7.58,7.58,10,10,10,7.58,0,83.67,10.2,0,1,pale yellow,-0.380830108,0.118626726,1,"November 15th, 2023"
108,108,Taiwan,0.088575404,0.110403428,200-400,"January 6th, 2023",unknown,0.164925101,0.182325453,Pulped natural / honey,0.254806228,0.188657286,7.58,7.75,7.67,7.83,7.5,7.67,10,10,10,7.67,0,83.67,9.2,0,0,greenish,-0.401085207,0.109949521,0,"January 6th, 2024"
109,109,Honduras,-0.062636942,0.088928015,1470,"November 15th, 2022",Parainema,-0.494835043,0.135847488,Natural / Dry,-0.138185131,0.160972318,7.67,7.67,7.58,7.75,7.67,7.67,10,10,10,7.67,0,83.67,11.1,0,2,pale yellow,-0.380830108,0.118626726,1,"November 15th, 2023"
110,110,Taiwan,0.088575404,0.110403428,250-400,"January 6th, 2023",unknown,0.164925101,0.182325453,Natural / Dry,-0.138185131,0.160972318,7.58,7.67,7.5,7.75,7.75,7.67,10,10,10,7.67,0,83.58,8.4,0,0,green,-0.087578899,0.244254406,0,"January 6th, 2024"
111,111,Taiwan,0.088575404,0.110403428,250-300,"January 6th, 2023",Typica,-0.055630776,0.166788006,Pulped natural / honey,0.254806228,0.188657286,7.58,7.75,7.58,7.75,7.58,7.67,10,10,10,7.67,0,83.58,9.1,0,0,green,-0.087578899,0.244254406,0,"January 6th, 2024"
112,112,Guatemala,-0.116351185,0.081299434,1600,"May 19th, 2022",Caturra,-0.303127998,0.149352628,Washed / Wet,-0.086084584,0.164642633,7.58,7.83,7.58,7.67,7.58,7.58,10,10,10,7.75,0,83.58,10.9,0,2,green,-0.087578899,0.244254406,4,"May 19th, 2023"
113,113,Honduras,-0.062636942,0.088928015,1400,"August 17th, 2022",SHG,-0.276591204,0.151222059,Washed / Wet,-0.086084584,0.164642633,7.75,7.67,7.58,7.58,7.58,7.67,10,10,10,7.67,0,83.5,11.2,0,1,green,-0.087578899,0.244254406,5,"August 17th, 2023"
114,114,Colombia,-0.609228788,0.011300189,1700,"January 18th, 2023",Caturra,-0.303127998,0.149352628,Washed / Wet,-0.086084584,0.164642633,7.75,7.75,7.5,7.58,7.83,7.5,10,10,10,7.58,0,83.5,12.2,0,0,bluish-green,0.479854331,0.4873406,2,"January 18th, 2024"
115,115,Thailand,0.381786564,0.152045734,1200 - 1580,"July 14th, 2022",Bourbon,-0.116081184,0.16252947,Washed / Wet,-0.086084584,0.164642633,7.42,7.83,7.58,7.67,7.67,7.75,10,10,10,7.58,0,83.5,13.1,0,0,green,-0.087578899,0.244254406,0,"July 14th, 2023"
116,116,Ethiopia,-0.619481386,0.009844099,1700,"November 30th, 2022",Ethiopian Heirlooms,-0.623248379,0.126801184,Washed / Wet,-0.086084584,0.164642633,7.42,7.42,7.42,8,7.92,7.67,10,10,10,7.67,0,83.5,10.4,0,1,greenish,-0.401085207,0.109949521,11,"November 30th, 2023"
117,117,Thailand,0.381786564,0.152045734,1450,"June 16th, 2022",Java,1.170974179,0.253198352,Washed / Wet,-0.086084584,0.164642633,7.67,7.67,7.5,7.67,7.58,7.67,10,10,10,7.67,0,83.42,11.6,0,2,green,-0.087578899,0.244254406,0,"June 16th, 2023"
118,118,Uganda,0.692797801,0.196216034,1400 - 1900,"July 7th, 2022",SL14,0.692797801,0.219512375,Washed / Wet,-0.086084584,0.164642633,7.75,7.75,7.5,7.5,7.58,7.58,10,10,10,7.75,0,83.42,10.1,0,0,green,-0.087578899,0.244254406,3,"July 7th, 2023"
119,119,Taiwan,0.088575404,0.110403428,1100,"November 15th, 2022",Typica + SL34,1.322913849,0.26390201,Washed / Wet,-0.086084584,0.164642633,7.75,7.92,7.67,7.92,7.75,7.83,8.67,10,10,7.92,0,83.42,10.1,0,0,blue-green,1.676549112,1,0,"November 15th, 2023"
120,120,Uganda,0.692797801,0.196216034,1905,"September 1st, 2022",SL14,0.692797801,0.219512375,Washed / Wet,-0.086084584,0.164642633,7.75,7.67,7.58,7.5,7.67,7.5,10,10,10,7.67,0,83.33,11.1,0,0,green,-0.087578899,0.244254406,5,"September 1st, 2023"
121,121,Taiwan,0.088575404,0.110403428,200-300,"January 6th, 2023",Typica,-0.055630776,0.166788006,Pulped natural / honey,0.254806228,0.188657286,7.58,7.67,7.5,7.75,7.5,7.58,10,10,10,7.75,0,83.33,9.7,0,0,greenish,-0.401085207,0.109949521,0,"January 6th, 2024"
122,122,Guatemala,-0.116351185,0.081299434,1280-1325,"December 30th, 2022","MARSELLESA, CATUAI, CATURRA & MARSELLESA, ANACAFE 14, CATUAI",-0.173160767,0.158508399,Washed / Wet,-0.086084584,0.164642633,7.5,7.75,7.58,7.75,7.67,7.58,10,10,10,7.5,0,83.33,11.4,0,0,green,-0.087578899,0.244254406,0,"December 30th, 2023"
123,123,Taiwan,0.088575404,0.110403428,300,"January 6th, 2023",Typica,-0.055630776,0.166788006,Washed / Wet,-0.086084584,0.164642633,7.58,7.67,7.58,7.75,7.42,7.58,10,10,10,7.75,0,83.33,9.6,0,0,green,-0.087578899,0.244254406,1,"January 6th, 2024"
124,124,Colombia,-0.609228788,0.011300189,1100,"September 30th, 2022",Caturra,-0.303127998,0.149352628,Washed / Wet,-0.086084584,0.164642633,7.67,7.67,7.42,7.75,7.5,7.75,10,10,10,7.58,0,83.33,13.5,0,0,greenish,-0.401085207,0.109949521,0,"September 30th, 2023"
125,125,Costa Rica,-0.231922843,0.064885767,1850,"April 19th, 2023",Caturra,-0.303127998,0.149352628,Washed / Wet,-0.086084584,0.164642633,7.58,7.75,7.42,7.67,7.5,7.75,10,10,10,7.67,0,83.33,0,0,0,green,-0.087578899,0.244254406,3,"April 18th, 2024"
126,126,Taiwan,0.088575404,0.110403428,750,"November 15th, 2022",SL34,0.133054108,0.180080245,Washed / Wet,-0.086084584,0.164642633,7.75,7.83,7.58,7.58,7.58,7.5,10,10,10,7.5,0,83.33,10.7,0,0,blue-green,1.676549112,1,1,"November 15th, 2023"
127,127,Thailand,0.381786564,0.152045734,1300-1500,"July 14th, 2022",Typica,-0.055630776,0.166788006,Washed / Wet,-0.086084584,0.164642633,7.92,7.92,7.75,7.33,7.58,7.5,10,10,10,7.33,0,83.33,12.3,0,0,yellow-green,-0.397042519,0.111681392,16,"July 14th, 2023"
128,128,"Tanzania, United Republic Of",-0.38372521,0.043326558,1400-1700,"January 3rd, 2023",Bourbon,-0.116081184,0.16252947,Washed / Wet,-0.086084584,0.164642633,7.92,7.67,7.42,7.5,7.67,7.58,10,10,10,7.5,0,83.25,10.4,0,0,greenish,-0.401085207,0.109949521,8,"January 3rd, 2024"
129,129,Brazil,-0.463411937,0.032009325,950,"February 13th, 2023",Mundo Novo,-0.5361984,0.132933573,Natural / Dry,-0.138185131,0.160972318,7.58,7.5,7.5,7.83,7.67,7.5,10,10,10,7.67,0,83.25,11.6,0,0,green,-0.087578899,0.244254406,4,"February 13th, 2024"
130,130,Taiwan,0.088575404,0.110403428,1100-1200,"January 6th, 2023",unknown,0.164925101,0.182325453,Washed / Wet,-0.086084584,0.164642633,7.75,7.75,7.58,7.67,7.42,7.5,10,10,10,7.58,0,83.25,9.6,0,0,green,-0.087578899,0.244254406,1,"January 6th, 2024"
131,131,Colombia,-0.609228788,0.011300189,1390,"April 7th, 2023","Red Bourbon,Caturra",-2.423205987,9.50E-10,Anaerobico 1000h,-2.423205987,3.44E-11,7.67,7.67,7.58,7.67,7.58,7.58,10,10,10,7.5,0,83.25,10.9,0,0,brownish,-0.284013478,0.160102595,2,"April 6th, 2024"
132,132,Honduras,-0.062636942,0.088928015,1600,"November 15th, 2022",Lempira,0.252802397,0.188516124,Washed / Wet,-0.086084584,0.164642633,7.67,7.75,7.67,7.58,7.5,7.58,10,10,10,7.5,0,83.25,10.5,0,0,bluish-green,0.479854331,0.4873406,3,"November 15th, 2023"
133,133,Honduras,-0.062636942,0.088928015,1400,"August 17th, 2022",Catuai,-0.078764482,0.165158311,Washed / Wet,-0.086084584,0.164642633,7.75,7.58,7.58,7.58,7.5,7.58,10,10,10,7.67,0,83.25,11.3,0,1,green,-0.087578899,0.244254406,5,"August 17th, 2023"
134,134,Taiwan,0.088575404,0.110403428,200-300,"January 6th, 2023",Typica,-0.055630776,0.166788006,Natural / Dry,-0.138185131,0.160972318,7.75,7.75,7.5,7.75,7.5,7.42,10,10,10,7.5,0,83.17,9.7,0,0,greenish,-0.401085207,0.109949521,2,"January 6th, 2024"
135,135,Taiwan,0.088575404,0.110403428,340,"January 6th, 2023",unknown,0.164925101,0.182325453,Washed / Wet,-0.086084584,0.164642633,7.67,7.67,7.5,7.58,7.58,7.5,10,10,10,7.67,0,83.17,11.8,0,0,blue-green,1.676549112,1,0,"January 6th, 2024"
136,136,Laos,1.238043939,0.273652741,1200 - 1300,"December 30th, 2022",Catimor,0.895600323,0.233799156,Natural / Dry,-0.138185131,0.160972318,7.67,7.75,7.33,7.67,7.58,7.5,10,10,10,7.58,0,83.08,11.8,0,0,brownish,-0.284013478,0.160102595,7,"December 30th, 2023"
137,137,Honduras,-0.062636942,0.088928015,1368,"May 23rd, 2022",Catuai,-0.078764482,0.165158311,Washed / Wet,-0.086084584,0.164642633,7.67,7.67,7.5,7.58,7.58,7.5,10,10,10,7.58,0,83.08,10.6,0,2,green,-0.087578899,0.244254406,7,"May 23rd, 2023"
138,138,Honduras,-0.062636942,0.088928015,1450,"April 25th, 2023",Catuai,-0.078764482,0.165158311,Washed / Wet,-0.086084584,0.164642633,7.75,7.58,7.58,7.58,7.58,7.5,10,10,10,7.5,0,83.08,9.6,0,0,green,-0.087578899,0.244254406,2,"April 24th, 2024"
139,139,Colombia,-0.609228788,0.011300189,1650,"January 13th, 2023",Caturra,-0.303127998,0.149352628,Washed / Wet,-0.086084584,0.164642633,8,7.67,7.42,7.58,7.58,7.42,10,10,10,7.33,0,83,13.1,0,0,bluish-green,0.479854331,0.4873406,1,"January 13th, 2024"
140,140,Taiwan,0.088575404,0.110403428,250-300,"January 6th, 2023",Typica,-0.055630776,0.166788006,Pulped natural / honey,0.254806228,0.188657286,7.5,7.67,7.58,7.58,7.5,7.5,10,10,10,7.58,0,82.92,8.9,0,0,blue-green,1.676549112,1,0,"January 6th, 2024"
141,141,Mexico,-0.129282997,0.079462838,1350,"August 11th, 2022",Bourbon,-0.116081184,0.16252947,Washed / Wet,-0.086084584,0.164642633,7.75,7.5,7.42,7.67,7.58,7.5,10,10,10,7.5,0,82.92,11.9,2,0,green,-0.087578899,0.244254406,1,"August 11th, 2023"
142,142,Colombia,-0.609228788,0.011300189,1350,"June 16th, 2022",Typica Gesha,-0.477392801,0.137076237,Washed / Wet,-0.086084584,0.164642633,7.58,7.5,7.5,7.67,7.58,7.5,10,10,10,7.58,0,82.92,11.5,0,1,greenish,-0.401085207,0.109949521,3,"June 16th, 2023"
143,143,Taiwan,0.088575404,0.110403428,1200,"October 24th, 2022",Gesha,-0.055903236,0.166768812,,#N/A,#N/A,7.67,7.5,7.42,7.75,7.42,7.58,10,10,10,7.58,0,82.92,10.2,0,0,yellow-green,-0.397042519,0.111681392,0,"October 24th, 2023"
144,144,Honduras,-0.062636942,0.088928015,1280,"April 24th, 2023",Catuai,-0.078764482,0.165158311,Washed / Wet,-0.086084584,0.164642633,7.67,7.58,7.5,7.5,7.58,7.5,10,10,10,7.5,0,82.83,10,0,0,green,-0.087578899,0.244254406,4,"April 23rd, 2024"
145,145,Thailand,0.381786564,0.152045734,1300-1500,"July 14th, 2022",Gayo,-0.118583262,0.162353207,Washed / Wet,-0.086084584,0.164642633,7.17,7.92,7.58,7.5,7.58,7.67,10,10,10,7.42,0,82.83,11.8,0,0,yellow-green,-0.397042519,0.111681392,5,"July 14th, 2023"
146,146,Vietnam,0.533654173,0.173614208,900,"June 3rd, 2022",Catimor,0.895600323,0.233799156,Pulped natural / honey,0.254806228,0.188657286,7.58,7.42,7.58,7.5,7.67,7.75,10,10,10,7.33,0,82.83,13.3,0,0,green,-0.087578899,0.244254406,4,"June 3rd, 2023"
147,147,Nicaragua,-0.346576325,0.048602501,1200,"January 30th, 2023",SHG,-0.276591204,0.151222059,Natural / Dry,-0.138185131,0.160972318,7.33,7.58,7.25,7.33,7.75,8.17,10,10,10,7.33,0,82.75,10.5,5,2,green,-0.087578899,0.244254406,1,"January 30th, 2024"
148,148,Costa Rica,-0.231922843,0.064885767,1450,"November 15th, 2022",SL28,-0.145428702,0.160462033,Pulped natural / honey,0.254806228,0.188657286,7.33,7.5,7.25,7.92,7.75,7.58,10,10,10,7.42,0,82.75,11.8,0,0,pale yellow,-0.380830108,0.118626726,1,"November 15th, 2023"
149,149,Colombia,-0.609228788,0.011300189,1700,"July 11th, 2022",Caturra,-0.303127998,0.149352628,Washed / Wet,-0.086084584,0.164642633,7.58,7.67,7.58,7.5,7.33,7.5,10,10,10,7.5,0,82.67,11.8,0,1,green,-0.087578899,0.244254406,2,"July 11th, 2023"
150,150,Thailand,0.381786564,0.152045734,1200 - 1580,"July 14th, 2022",Caturra,-0.303127998,0.149352628,Washed / Wet,-0.086084584,0.164642633,7.33,7.58,7.58,7.5,7.67,7.67,10,10,10,7.33,0,82.67,13,1,0,greenish,-0.401085207,0.109949521,0,"July 14th, 2023"
151,151,Thailand,0.381786564,0.152045734,1200,"June 14th, 2022","Bourbon, Catimor, Caturra, Typica",0.059172612,0.174875533,Natural / Dry,-0.138185131,0.160972318,7.5,7.58,7.5,7.42,7.5,7.58,10,10,10,7.58,0,82.67,11.2,0,0,yellow green,-0.365774684,0.125076412,0,"June 14th, 2023"
152,152,Honduras,-0.062636942,0.088928015,1450,"April 25th, 2023",Catuai,-0.078764482,0.165158311,Washed / Wet,-0.086084584,0.164642633,7.67,7.58,7.33,7.5,7.58,7.5,10,10,10,7.5,0,82.67,9.6,0,0,green,-0.087578899,0.244254406,2,"April 24th, 2024"
153,153,Taiwan,0.088575404,0.110403428,165,"January 6th, 2023",unknow,-0.152787872,0.159943603,Natural / Dry,-0.138185131,0.160972318,7.67,7.67,7.42,7.42,7.42,7.5,10,10,10,7.5,0,82.58,9.8,0,0,green,-0.087578899,0.244254406,0,"January 6th, 2024"
154,154,Taiwan,0.088575404,0.110403428,465,"January 6th, 2023",Caturra,-0.303127998,0.149352628,Washed / Wet,-0.086084584,0.164642633,7.67,7.58,7.42,7.42,7.5,7.5,10,10,10,7.5,0,82.58,8.4,0,0,blue-green,1.676549112,1,2,"January 6th, 2024"
155,155,Nicaragua,-0.346576325,0.048602501,1350,"June 20th, 2022",Parainema,-0.494835043,0.135847488,Washed / Wet,-0.086084584,0.164642633,7.5,7.58,7.42,7.58,7.5,7.58,10,10,10,7.42,0,82.58,10.1,0,0,green,-0.087578899,0.244254406,0,"June 20th, 2023"
156,156,El Salvador,0.11491458,0.114144158,1200,"March 3rd, 2023",Bourbon,-0.116081184,0.16252947,Washed / Wet,-0.086084584,0.164642633,7.67,7.33,7.17,7.67,7.83,7.5,10,10,10,7.33,0,82.5,11.3,0,0,green,-0.087578899,0.244254406,2,"March 2nd, 2024"
157,157,Panama,-0.198170259,0.069679362,1200,"May 25th, 2022",Caturra,-0.303127998,0.149352628,Washed / Wet,-0.086084584,0.164642633,7.75,7.67,7.17,7.67,7.42,7.42,10,10,10,7.42,0,82.5,10,0,0,green,-0.087578899,0.244254406,0,"May 25th, 2023"
158,158,Brazil,-0.463411937,0.032009325,1100,"November 3rd, 2022",Mundo Novo,-0.5361984,0.132933573,Natural / Dry,-0.138185131,0.160972318,7.5,7.58,7.5,7.5,7.67,7.42,10,10,10,7.33,0,82.5,11.8,0,1,bluish-green,0.479854331,0.4873406,1,"November 3rd, 2023"
159,159,United States (Hawaii),-0.110030412,0.08219712,640,"November 15th, 2022",Maragogype,0.343870323,0.194931564,Washed / Wet,-0.086084584,0.164642633,7.33,7.58,7.5,7.5,7.5,7.58,10,10,10,7.5,0,82.5,11.7,0,0,blue-green,1.676549112,1,1,"November 15th, 2023"
160,160,Mexico,-0.129282997,0.079462838,1340,"November 15th, 2022",Pacamara,-0.207960839,0.156056846,Washed / Wet,-0.086084584,0.164642633,7.67,7.42,7.5,7.5,7.67,7.42,10,10,10,7.33,0,82.5,10.7,0,0,pale yellow,-0.380830108,0.118626726,0,"November 15th, 2023"
161,161,Honduras,-0.062636942,0.088928015,1368,"May 23rd, 2022",Catuai,-0.078764482,0.165158311,Washed / Wet,-0.086084584,0.164642633,7.58,7.58,7.33,7.5,7.58,7.42,10,10,10,7.5,0,82.5,10.6,0,0,green,-0.087578899,0.244254406,8,"May 23rd, 2023"
162,162,Taiwan,0.088575404,0.110403428,139,"January 6th, 2023",unknown,0.164925101,0.182325453,Washed / Wet,-0.086084584,0.164642633,7.42,7.42,7.58,7.42,7.58,7.5,10,10,10,7.58,0,82.5,8.4,0,0,green,-0.087578899,0.244254406,2,"January 6th, 2024"
163,163,Nicaragua,-0.346576325,0.048602501,1200-1350,"December 30th, 2022",Caturra-Catuai,-0.050102429,0.16717746,Washed / Wet,-0.086084584,0.164642633,7.58,7.58,7.42,7.42,7.5,7.5,10,10,10,7.42,0,82.42,11.4,0,0,bluish-green,0.479854331,0.4873406,0,"December 30th, 2023"
164,164,Vietnam,0.533654173,0.173614208,1040,"June 1st, 2022",Catimor,0.895600323,0.233799156,Washed / Wet,-0.086084584,0.164642633,7.5,7.5,7.33,7.5,7.5,7.42,10,10,10,7.58,0,82.33,10.5,0,0,bluish-green,0.479854331,0.4873406,0,"June 1st, 2023"
165,165,El Salvador,0.11491458,0.114144158,1200,"February 21st, 2023",Bourbon,-0.116081184,0.16252947,Washed / Wet,-0.086084584,0.164642633,7.5,7.5,7.42,7.42,7.42,7.67,10,10,10,7.42,0,82.33,12,0,7,green,-0.087578899,0.244254406,10,"February 21st, 2024"
166,166,El Salvador,0.11491458,0.114144158,1200,"July 7th, 2022",Bourbon,-0.116081184,0.16252947,Washed / Wet,-0.086084584,0.164642633,7.33,7.67,7.25,7.67,7.83,7.42,10,10,10,7.17,0,82.33,11.8,0,0,bluish-green,0.479854331,0.4873406,0,"July 7th, 2023"
167,167,Taiwan,0.088575404,0.110403428,140,"January 6th, 2023",unknown,0.164925101,0.182325453,Natural / Dry,-0.138185131,0.160972318,7.67,7.58,7.42,7.5,7.33,7.42,10,10,10,7.42,0,82.33,10.8,0,0,green,-0.087578899,0.244254406,1,"January 6th, 2024"
168,168,Peru,-0.640025321,0.006926417,1600,"July 11th, 2022",Caturra,-0.303127998,0.149352628,Washed / Wet,-0.086084584,0.164642633,7.67,7.5,7.33,7.58,7.33,7.42,10,10,10,7.42,0,82.25,11.7,0,1,greenish,-0.401085207,0.109949521,3,"July 11th, 2023"
169,169,United States (Hawaii),-0.110030412,0.08219712,1200,"November 9th, 2022",Typica,-0.055630776,0.166788006,Washed / Wet,-0.086084584,0.164642633,7.75,7.42,7.33,7.5,7.33,7.5,10,10,10,7.33,0,82.17,10.6,1,0,green,-0.087578899,0.244254406,5,"November 9th, 2023"
170,170,Kenya,0.032075834,0.102379271,1500-1950,"April 7th, 2023","SL28,SL34,Ruiru11",0.184105564,0.183676655,Washed / Wet,-0.086084584,0.164642633,7.5,7.5,7.42,7.5,7.25,7.5,10,10,10,7.5,0,82.17,11.2,0,0,green,-0.087578899,0.244254406,2,"April 6th, 2024"
171,171,Honduras,-0.062636942,0.088928015,1368,"May 23rd, 2022",Catuai,-0.078764482,0.165158311,Washed / Wet,-0.086084584,0.164642633,7.67,7.5,7.25,7.5,7.5,7.33,10,10,10,7.42,0,82.17,10.6,0,0,green,-0.087578899,0.244254406,8,"May 23rd, 2023"
172,172,Taiwan,0.088575404,0.110403428,600,"January 6th, 2023",unknown,0.164925101,0.182325453,Washed / Wet,-0.086084584,0.164642633,7.5,7.67,7.33,7.5,7.25,7.33,10,10,10,7.5,0,82.08,9.7,0,0,bluish-green,0.479854331,0.4873406,0,"January 6th, 2024"
173,173,Taiwan,0.088575404,0.110403428,460,"January 6th, 2023",unknown,0.164925101,0.182325453,Pulped natural / honey,0.254806228,0.188657286,7.33,7.42,7.42,7.5,7.42,7.5,10,10,10,7.5,0,82.08,8.1,0,0,greenish,-0.401085207,0.109949521,3,"January 6th, 2024"
174,174,Taiwan,0.088575404,0.110403428,500,"January 6th, 2023",unknown,0.164925101,0.182325453,Washed / Wet,-0.086084584,0.164642633,7.5,7.58,7.42,7.42,7.25,7.42,10,10,10,7.42,0,82,8.2,0,0,green,-0.087578899,0.244254406,1,"January 6th, 2024"
175,175,Thailand,0.381786564,0.152045734,800-1200,"July 14th, 2022",Catimor,0.895600323,0.233799156,Washed / Wet,-0.086084584,0.164642633,7.17,7.5,7.42,7.42,7.58,7.5,10,10,10,7.42,0,82,9.8,0,0,green,-0.087578899,0.244254406,0,"July 14th, 2023"
176,176,Costa Rica,-0.231922843,0.064885767,1500,"March 29th, 2023",Caturra,-0.303127998,0.149352628,Washed / Wet,-0.086084584,0.164642633,7.42,7.42,7.42,7.33,7.58,7.33,10,10,10,7.5,0,82,10.5,1,2,green,-0.087578899,0.244254406,8,"March 28th, 2024"
177,177,Guatemala,-0.116351185,0.081299434,1350-1550,"November 28th, 2022",,#N/A,#N/A,Washed / Wet,-0.086084584,0.164642633,7.42,7.42,7.42,7.33,7.5,7.42,10,10,10,7.5,0,82,11.5,0,1,blue-green,1.676549112,1,2,"November 28th, 2023"
178,178,Indonesia,6.352389013,1,1350,"August 22nd, 2022",,#N/A,#N/A,Pulped natural / honey,0.254806228,0.188657286,7.67,7.33,7.25,7.67,7.42,7.25,10,10,10,7.42,0,82,12.5,0,0,bluish-green,0.479854331,0.4873406,0,"August 22nd, 2023"
179,179,Peru,-0.640025321,0.006926417,1600,"July 11th, 2022",Caturra,-0.303127998,0.149352628,Washed / Wet,-0.086084584,0.164642633,7.5,7.5,7.33,7.5,7.33,7.33,10,10,10,7.42,0,81.92,11.6,0,2,greenish,-0.401085207,0.109949521,2,"July 11th, 2023"
180,180,Guatemala,-0.116351185,0.081299434,1200~1600,"November 3rd, 2022",Caturra,-0.303127998,0.149352628,Washed / Wet,-0.086084584,0.164642633,7.33,7.42,7.33,7.42,7.58,7.42,10,10,10,7.42,0,81.92,10.3,0,0,greenish,-0.401085207,0.109949521,1,"November 3rd, 2023"
181,181,Taiwan,0.088575404,0.110403428,300,"January 6th, 2023",Typica,-0.055630776,0.166788006,Pulped natural / honey,0.254806228,0.188657286,7.25,7.42,7.42,7.5,7.42,7.42,10,10,10,7.42,0,81.83,11.3,0,0,green,-0.087578899,0.244254406,0,"January 6th, 2024"
182,182,Vietnam,0.533654173,0.173614208,5400,"April 10th, 2023",Catimor,0.895600323,0.233799156,Pulped natural / honey,0.254806228,0.188657286,7.5,7.5,7.25,7.42,7.42,7.42,10,10,10,7.33,0,81.83,11.2,0,0,green,-0.087578899,0.244254406,4,"April 9th, 2024"
183,183,Brazil,-0.463411937,0.032009325,1000,"April 7th, 2023",Yellow Catuai,-0.427207631,0.14061162,Pulped natural / honey,0.254806228,0.188657286,7.5,7.5,7.42,7.33,7.33,7.33,10,10,10,7.42,0,81.83,11.3,0,0,pale yellow,-0.380830108,0.118626726,2,"April 6th, 2024"
184,184,Brazil,-0.463411937,0.032009325,900-1000,"December 30th, 2022",Catucai,-0.923895809,0.105621547,Natural / Dry,-0.138185131,0.160972318,7.42,7.5,7.58,7.33,7.33,7.25,10,10,10,7.33,0,81.75,11.1,0,0,yellow-green,-0.397042519,0.111681392,0,"December 30th, 2023"
185,185,Colombia,-0.609228788,0.011300189,1574,"December 30th, 2022",Santander,-0.730523335,0.119244011,Washed / Wet,-0.086084584,0.164642633,7.33,7.5,7.33,7.42,7.42,7.42,10,10,10,7.33,0,81.75,11.2,0,0,yellow-green,-0.397042519,0.111681392,0,"December 30th, 2023"
186,186,Mexico,-0.129282997,0.079462838,1200,"August 11th, 2022",Typica,-0.055630776,0.166788006,Washed / Wet,-0.086084584,0.164642633,7.58,7.42,7.25,7.25,7.5,7.33,10,10,10,7.33,0,81.67,11.8,2,0,green,-0.087578899,0.244254406,2,"August 11th, 2023"
187,187,Costa Rica,-0.231922843,0.064885767,1200,"March 29th, 2023",Caturra,-0.303127998,0.149352628,Washed / Wet,-0.086084584,0.164642633,7.33,7.42,7.25,7.42,7.42,7.33,10,10,10,7.42,0,81.58,9.7,0,2,green,-0.087578899,0.244254406,4,"March 28th, 2024"
188,188,Taiwan,0.088575404,0.110403428,300,"January 6th, 2023",Typica,-0.055630776,0.166788006,Pulped natural / honey,0.254806228,0.188657286,7.42,7.5,7.33,7.33,7.33,7.33,10,10,10,7.33,0,81.58,9,0,0,yellow-green,-0.397042519,0.111681392,0,"January 6th, 2024"
189,189,Taiwan,0.088575404,0.110403428,435,"January 6th, 2023",unknown,0.164925101,0.182325453,Pulped natural / honey,0.254806228,0.188657286,7.33,7.5,7.42,7.33,7.33,7.25,10,10,10,7.33,0,81.5,8.5,0,0,green,-0.087578899,0.244254406,0,"January 6th, 2024"
190,190,Thailand,0.381786564,0.152045734,1300-1500,"July 14th, 2022",Java,1.170974179,0.253198352,Washed / Wet,-0.086084584,0.164642633,7.33,7.42,7.25,7.33,7.5,7.42,10,10,10,7.17,0,81.42,11.6,2,0,green,-0.087578899,0.244254406,1,"July 14th, 2023"
191,191,Thailand,0.381786564,0.152045734,1400,"November 15th, 2022",Typica Bourbon Caturra Catimor,1.137750829,0.250857875,Natural / Dry,-0.138185131,0.160972318,7.42,7.25,7.33,7.42,7.33,7.33,10,10,10,7.25,0,81.33,10.5,0,0,yellowish,1.209311462,0.799837204,5,"November 15th, 2023"
192,192,Thailand,0.381786564,0.152045734,600-800,"July 14th, 2022",Catimor,0.895600323,0.233799156,Washed / Wet,-0.086084584,0.164642633,7.25,7.25,7.42,7.25,7.42,7.42,10,10,10,7.17,0,81.17,10.4,0,0,green,-0.087578899,0.244254406,0,"July 14th, 2023"
193,193,Colombia,-0.609228788,0.011300189,1300-1800,"December 22nd, 2022","Caturra,Colombia,Castillo",-0.650460174,0.124884201,Washed / Wet,-0.086084584,0.164642633,7.42,7.25,7.25,7.42,7.17,7.33,10,10,10,7.33,0,81.17,11.4,0,2,greenish,-0.401085207,0.109949521,2,"December 22nd, 2023"
194,194,Brazil,-0.463411937,0.032009325,1200,"April 17th, 2023",,#N/A,#N/A,Natural / Dry,-0.138185131,0.160972318,7.42,7.42,7.25,7.25,7.17,7.25,10,10,10,7.25,0,81,10.6,0,2,greenish,-0.401085207,0.109949521,1,"April 16th, 2024"
195,195,El Salvador,0.11491458,0.114144158,1400,"March 8th, 2023",Bourbon,-0.116081184,0.16252947,Natural / Dry,-0.138185131,0.160972318,7.42,7.33,7.33,7.5,7.08,7,10,10,10,7.17,0,80.83,10.5,0,8,bluish-green,0.479854331,0.4873406,7,"March 7th, 2024"
196,196,Nicaragua,-0.346576325,0.048602501,1100,"July 11th, 2022",Caturra,-0.303127998,0.149352628,Washed / Wet,-0.086084584,0.164642633,7.25,7.25,7.17,7.33,7.08,7.25,10,10,10,7.17,0,80.5,11.5,0,1,greenish,-0.401085207,0.109949521,3,"July 11th, 2023"
197,197,Nicaragua,-0.346576325,0.048602501,1000,"April 20th, 2023",Sarchimor,-0.081795848,0.164944761,Washed / Wet,-0.086084584,0.164642633,7.42,7.17,7,7.08,7.42,7.17,10,10,10,7.17,0,80.42,11.2,0,0,green,-0.087578899,0.244254406,5,"April 19th, 2024"
198,198,Colombia,-0.609228788,0.011300189,1600,"March 6th, 2023","Castillo,Caturra,Bourbon",-0.776484124,0.116006222,Washed / Wet,-0.086084584,0.164642633,7.25,7.25,7.17,7.33,7,7.17,10,10,10,7.25,0,80.42,11,0,3,greenish,-0.401085207,0.109949521,3,"March 5th, 2024"
199,199,Peru,-0.640025321,0.006926417,1600,"June 10th, 2022",Caturra,-0.303127998,0.149352628,Washed / Wet,-0.086084584,0.164642633,7.5,7.25,7.17,7.17,7.17,7.08,10,10,10,7,0,80.33,11.8,0,6,greenish,-0.401085207,0.109949521,11,"June 10th, 2023"
200,200,El Salvador,0.11491458,0.114144158,1300,"March 8th, 2023",Pacas,0.470237785,0.203833743,Natural / Dry,-0.138185131,0.160972318,7.08,7.25,7.08,7.42,7.42,7.08,10,10,10,7,0,80.33,11.5,0,10,bluish-green,0.479854331,0.4873406,7,"March 7th, 2024"
201,201,Brazil,-0.463411937,0.032009325,1200,"July 20th, 2022",Catuai and Mundo Novo,-0.514376717,0.13447084,Natural / Dry,-0.138185131,0.160972318,7.25,7.17,7.17,7.08,7.17,7.17,10,10,10,7.17,0,80.17,11.6,0,1,greenish,-0.401085207,0.109949521,2,"July 20th, 2023"
202,202,Brazil,-0.463411937,0.032009325,950,"February 2nd, 2023",Mundo Novo,-0.5361984,0.132933573,Natural / Dry,-0.138185131,0.160972318,7.17,7.17,6.92,7.17,7.42,7.17,10,10,10,7.08,0,80.08,11.4,0,0,green,-0.087578899,0.244254406,4,"February 2nd, 2024"
203,203,Nicaragua,-0.346576325,0.048602501,1200,"March 3rd, 2023",SHG,-0.276591204,0.151222059,Natural / Dry,-0.138185131,0.160972318,7.33,7.08,6.75,7.17,7.42,7.17,10,10,10,7.08,0,80,10.4,0,2,green,-0.087578899,0.244254406,12,"March 2nd, 2024"
204,204,Laos,1.238043939,0.273652741,1300,"November 11th, 2022",Catimor,0.895600323,0.233799156,Washed / Wet,-0.086084584,0.164642633,7.25,7.17,7.08,7,7.08,7.08,10,10,10,7,0,79.67,11.6,0,9,green,-0.087578899,0.244254406,11,"November 11th, 2023"
205,205,El Salvador,0.11491458,0.114144158,1200,"March 8th, 2023",Maragogype,0.343870323,0.194931564,Natural / Dry,-0.138185131,0.160972318,6.5,6.75,6.75,7.17,7.08,7,10,10,10,6.83,0,78.08,11,0,12,bluish-green,0.479854331,0.4873406,13,"March 7th, 2024"
206,206,Brazil,-0.463411937,0.032009325,850-1100,"November 18th, 2022",Mundo Novo,-0.5361984,0.132933573,SEMI-LAVADO,-0.838580971,0.1116317,7.25,7.08,6.67,6.83,6.83,6.67,10,10,10,6.67,0,78,11.3,0,0,green,-0.087578899,0.244254406,1,"November 18th, 2023"
